,0,1,2,3,4,5,6,7,8,9,label
0,0.0,0.0,1.0,0.0,0.0,0.0,0.0,0.0,0.0,0.0,1
1,0.0,0.0,0.0,1.0,0.0,0.0,0.0,0.0,0.0,0.0,1
2,1.0,0.0,0.0,0.0,0.0,0.0,0.0,0.0,0.0,0.0,1
3,0.0,0.0,1.0,0.0,0.0,0.0,0.0,0.0,0.0,0.0,1
4,0.0,0.0,0.0,0.0,1.0,0.0,0.0,0.0,0.0,0.0,1
5,0.0,0.0,0.0,0.0,0.0,0.0,0.0,0.0,0.0,1.0,1
6,0.0,0.0,0.0,1.0,0.0,0.0,0.0,0.0,0.0,0.0,1
7,0.0,0.0,0.0,0.0,0.0,0.0,0.0,0.0,0.0,1.0,1
8,0.0,0.0,0.0,0.0,0.0,0.0,0.0,0.0,0.0,1.0,1
9,0.0,0.0,0.0,0.0,0.0,0.0,0.0,0.0,0.0,1.0,1
10,0.0,0.0,0.0,0.0,1.0,0.0,0.0,0.0,0.0,0.0,1
11,1.0,0.0,0.0,0.0,0.0,0.0,0.0,0.0,0.0,0.0,1
12,0.0,0.0,0.0,0.0,0.0,1.0,0.0,0.0,0.0,0.0,1
13,0.0,0.0,0.0,0.0,1.0,0.0,0.0,0.0,0.0,0.0,1
14,0.0,0.0,0.0,0.0,0.0,0.0,0.0,0.0,0.0,1.0,1
15,0.0,0.0,0.0,0.0,0.0,0.0,0.0,0.0,0.0,1.0,1
16,0.0,0.0,0.0,0.0,1.0,0.0,0.0,0.0,0.0,0.0,1
17,0.0,0.0,0.0,0.0,0.0,0.0,0.0,0.0,0.0,1.0,1
18,0.0,0.0,0.0,0.0,1.0,0.0,0.0,0.0,0.0,0.0,1
19,0.0,0.0,0.0,1.0,0.0,0.0,0.0,0.0,0.0,0.0,0
20,0.0,1.0,0.0,0.0,0.0,0.0,0.0,0.0,0.0,0.0,0
21,0.0,1.0,0.0,0.0,0.0,0.0,0.0,0.0,0.0,0.0,0
22,0.0,0.0,1.0,0.0,0.0,0.0,0.0,0.0,0.0,0.0,1
23,0.0,0.0,0.0,0.0,1.0,0.0,0.0,0.0,0.0,0.0,1
24,1.0,0.0,0.0,0.0,0.0,0.0,0.0,0.0,0.0,0.0,1
25,0.0,0.0,1.0,0.0,0.0,0.0,0.0,0.0,0.0,0.0,1
26,0.0,0.0,0.0,0.0,0.0,0.0,0.0,0.0,0.0,1.0,1
27,0.0,0.0,0.0,0.0,0.0,0.0,0.0,1.0,0.0,0.0,1
28,1.0,0.0,0.0,0.0,0.0,0.0,0.0,0.0,0.0,0.0,1
29,0.0,0.0,0.0,1.0,0.0,0.0,0.0,0.0,0.0,0.0,1
30,0.0,0.0,0.0,0.0,0.0,0.0,0.0,0.0,0.0,1.0,1
31,0.0,0.0,0.0,0.0,0.0,0.0,0.0,0.0,0.0,1.0,1
32,0.0,0.0,0.0,0.0,0.0,0.0,0.0,0.0,0.0,1.0,1
33,1.0,0.0,0.0,0.0,0.0,0.0,0.0,0.0,0.0,0.0,1
34,1.0,0.0,0.0,0.0,0.0,0.0,0.0,0.0,0.0,0.0,1
35,1.0,0.0,0.0,0.0,0.0,0.0,0.0,0.0,0.0,0.0,1
36,1.0,0.0,0.0,0.0,0.0,0.0,0.0,0.0,0.0,0.0,1
37,0.0,0.0,0.0,0.0,1.0,0.0,0.0,0.0,0.0,0.0,0
38,0.0,0.0,0.0,0.0,1.0,0.0,0.0,0.0,0.0,0.0,1
39,1.0,0.0,0.0,0.0,0.0,0.0,0.0,0.0,0.0,0.0,1
40,0.0,0.0,0.0,1.0,0.0,0.0,0.0,0.0,0.0,0.0,1
41,1.0,0.0,0.0,0.0,0.0,0.0,0.0,0.0,0.0,0.0,1
42,0.0,0.0,1.0,0.0,0.0,0.0,0.0,0.0,0.0,0.0,1
43,1.0,0.0,0.0,0.0,0.0,0.0,0.0,0.0,0.0,0.0,1
44,0.0,0.0,0.0,1.0,0.0,0.0,0.0,0.0,0.0,0.0,1
45,1.0,0.0,0.0,0.0,0.0,0.0,0.0,0.0,0.0,0.0,1
46,0.0,1.0,0.0,0.0,0.0,0.0,0.0,0.0,0.0,0.0,0
47,1.0,0.0,0.0,0.0,0.0,0.0,0.0,0.0,0.0,0.0,1
48,0.0,0.0,0.0,1.0,0.0,0.0,0.0,0.0,0.0,0.0,0
49,0.0,0.0,0.0,0.0,1.0,0.0,0.0,0.0,0.0,0.0,0
50,0.0,0.0,0.0,0.0,1.0,0.0,0.0,0.0,0.0,0.0,0
51,0.0,0.0,0.0,0.0,0.0,0.0,0.0,0.0,1.0,0.0,0
52,0.0,0.0,0.0,1.0,0.0,0.0,0.0,0.0,0.0,0.0,0
53,0.0,0.0,0.0,0.0,0.0,0.0,1.0,0.0,0.0,0.0,1
54,0.0,0.0,0.0,1.0,0.0,0.0,0.0,0.0,0.0,0.0,1
55,0.0,1.0,0.0,0.0,0.0,0.0,0.0,0.0,0.0,0.0,0
56,1.0,0.0,0.0,0.0,0.0,0.0,0.0,0.0,0.0,0.0,1
57,1.0,0.0,0.0,0.0,0.0,0.0,0.0,0.0,0.0,0.0,1
58,0.0,0.0,0.0,0.0,0.0,0.0,0.0,0.0,1.0,0.0,0
59,0.0,0.0,0.0,1.0,0.0,0.0,0.0,0.0,0.0,0.0,0
60,0.0,1.0,0.0,0.0,0.0,0.0,0.0,0.0,0.0,0.0,0
61,0.0,0.0,0.0,0.0,0.0,0.0,1.0,0.0,0.0,0.0,0
62,0.0,0.0,0.0,0.0,0.0,0.0,0.0,0.0,0.0,1.0,1
63,0.0,0.0,0.0,0.0,0.0,0.0,1.0,0.0,0.0,0.0,0
64,1.0,0.0,0.0,0.0,0.0,0.0,0.0,0.0,0.0,0.0,1
65,1.0,0.0,0.0,0.0,0.0,0.0,0.0,0.0,0.0,0.0,1
66,0.0,0.0,0.0,0.0,0.0,0.0,1.0,0.0,0.0,0.0,0
67,0.0,0.0,0.0,0.0,0.0,0.0,0.0,0.0,1.0,0.0,0
68,0.0,0.0,0.0,0.0,0.0,1.0,0.0,0.0,0.0,0.0,0
69,0.0,0.0,0.0,0.0,0.0,0.0,0.0,0.0,1.0,0.0,0
70,0.0,0.0,0.0,0.0,1.0,0.0,0.0,0.0,0.0,0.0,1
71,0.0,0.0,0.0,0.0,0.0,1.0,0.0,0.0,0.0,0.0,0
72,1.0,0.0,0.0,0.0,0.0,0.0,0.0,0.0,0.0,0.0,1
73,0.0,0.0,0.0,1.0,0.0,0.0,0.0,0.0,0.0,0.0,1
74,0.0,0.0,0.0,1.0,0.0,0.0,0.0,0.0,0.0,0.0,0
75,0.0,0.0,0.0,0.0,1.0,0.0,0.0,0.0,0.0,0.0,1
76,0.0,1.0,0.0,0.0,0.0,0.0,0.0,0.0,0.0,0.0,0
77,1.0,0.0,0.0,0.0,0.0,0.0,0.0,0.0,0.0,0.0,1
78,0.0,0.0,1.0,0.0,0.0,0.0,0.0,0.0,0.0,0.0,1
79,0.0,0.0,0.0,1.0,0.0,0.0,0.0,0.0,0.0,0.0,0
80,0.0,0.0,0.0,0.0,0.0,0.0,1.0,0.0,0.0,0.0,0
81,1.0,0.0,0.0,0.0,0.0,0.0,0.0,0.0,0.0,0.0,0
82,0.0,0.0,0.0,0.0,0.0,0.0,0.0,1.0,0.0,0.0,1
83,0.0,0.0,0.0,0.0,0.0,0.0,0.0,1.0,0.0,0.0,1
84,0.0,1.0,0.0,0.0,0.0,0.0,0.0,0.0,0.0,0.0,0
85,1.0,0.0,0.0,0.0,0.0,0.0,0.0,0.0,0.0,0.0,1
86,0.0,0.0,0.0,0.0,0.0,0.0,1.0,0.0,0.0,0.0,1
87,1.0,0.0,0.0,0.0,0.0,0.0,0.0,0.0,0.0,0.0,1
88,1.0,0.0,0.0,0.0,0.0,0.0,0.0,0.0,0.0,0.0,0
89,0.0,1.0,0.0,0.0,0.0,0.0,0.0,0.0,0.0,0.0,0
90,0.0,0.0,0.0,0.0,1.0,0.0,0.0,0.0,0.0,0.0,0
91,0.0,0.0,0.0,0.0,1.0,0.0,0.0,0.0,0.0,0.0,1
92,0.0,0.0,0.0,0.0,0.0,0.0,0.0,0.0,1.0,0.0,0
93,0.0,0.0,0.0,1.0,0.0,0.0,0.0,0.0,0.0,0.0,0
94,1.0,0.0,0.0,0.0,0.0,0.0,0.0,0.0,0.0,0.0,1
95,1.0,0.0,0.0,0.0,0.0,0.0,0.0,0.0,0.0,0.0,1
96,0.0,1.0,0.0,0.0,0.0,0.0,0.0,0.0,0.0,0.0,0
97,0.0,0.0,0.0,0.0,1.0,0.0,0.0,0.0,0.0,0.0,0
98,0.0,0.0,0.0,1.0,0.0,0.0,0.0,0.0,0.0,0.0,0
99,1.0,0.0,0.0,0.0,0.0,0.0,0.0,0.0,0.0,0.0,1
100,0.0,0.0,0.0,0.0,1.0,0.0,0.0,0.0,0.0,0.0,1
101,0.0,1.0,0.0,0.0,0.0,0.0,0.0,0.0,0.0,0.0,0
102,0.0,0.0,0.0,0.0,1.0,0.0,0.0,0.0,0.0,0.0,0
103,0.0,1.0,0.0,0.0,0.0,0.0,0.0,0.0,0.0,0.0,0
104,0.0,1.0,0.0,0.0,0.0,0.0,0.0,0.0,0.0,0.0,0
105,0.0,0.0,0.0,0.0,0.0,0.0,0.0,0.0,0.0,1.0,1
106,1.0,0.0,0.0,0.0,0.0,0.0,0.0,0.0,0.0,0.0,0
107,0.0,0.0,0.0,1.0,0.0,0.0,0.0,0.0,0.0,0.0,0
108,0.0,0.0,1.0,0.0,0.0,0.0,0.0,0.0,0.0,0.0,1
109,0.0,0.0,0.0,0.0,1.0,0.0,0.0,0.0,0.0,0.0,0
110,0.0,0.0,0.0,0.0,0.0,0.0,1.0,0.0,0.0,0.0,0
111,0.0,0.0,0.0,0.0,0.0,0.0,1.0,0.0,0.0,0.0,0
112,0.0,0.0,0.0,0.0,0.0,1.0,0.0,0.0,0.0,0.0,0
113,0.0,0.0,0.0,0.0,0.0,0.0,1.0,0.0,0.0,0.0,0
114,0.0,1.0,0.0,0.0,0.0,0.0,0.0,0.0,0.0,0.0,0
115,0.0,0.0,0.0,1.0,0.0,0.0,0.0,0.0,0.0,0.0,0
116,0.0,0.0,0.0,0.0,1.0,0.0,0.0,0.0,0.0,0.0,0
117,1.0,0.0,0.0,0.0,0.0,0.0,0.0,0.0,0.0,0.0,1
118,0.0,0.0,0.0,0.0,0.0,0.0,0.0,0.0,0.0,1.0,1
119,0.0,1.0,0.0,0.0,0.0,0.0,0.0,0.0,0.0,0.0,1
120,0.0,0.0,0.0,1.0,0.0,0.0,0.0,0.0,0.0,0.0,0
121,1.0,0.0,0.0,0.0,0.0,0.0,0.0,0.0,0.0,0.0,1
122,0.0,0.0,0.0,0.0,0.0,1.0,0.0,0.0,0.0,0.0,1
123,0.0,1.0,0.0,0.0,0.0,0.0,0.0,0.0,0.0,0.0,0
124,0.0,0.0,0.0,0.0,1.0,0.0,0.0,0.0,0.0,0.0,0
125,0.0,0.0,0.0,0.0,0.0,0.0,0.0,0.0,1.0,0.0,0
126,1.0,0.0,0.0,0.0,0.0,0.0,0.0,0.0,0.0,0.0,1
127,0.0,0.0,0.0,0.0,1.0,0.0,0.0,0.0,0.0,0.0,1
128,0.0,1.0,0.0,0.0,0.0,0.0,0.0,0.0,0.0,0.0,0
129,0.0,0.0,0.0,0.0,0.0,0.0,0.0,0.0,0.0,1.0,1
130,0.0,1.0,0.0,0.0,0.0,0.0,0.0,0.0,0.0,0.0,0
131,0.0,0.0,0.0,1.0,0.0,0.0,0.0,0.0,0.0,0.0,1
132,1.0,0.0,0.0,0.0,0.0,0.0,0.0,0.0,0.0,0.0,1
133,0.0,0.0,0.0,1.0,0.0,0.0,0.0,0.0,0.0,0.0,0
134,1.0,0.0,0.0,0.0,0.0,0.0,0.0,0.0,0.0,0.0,1
135,0.0,0.0,0.0,0.0,1.0,0.0,0.0,0.0,0.0,0.0,1
136,0.0,0.0,0.0,0.0,1.0,0.0,0.0,0.0,0.0,0.0,0
137,0.0,0.0,0.0,1.0,0.0,0.0,0.0,0.0,0.0,0.0,0
138,0.0,0.0,0.0,0.0,0.0,0.0,1.0,0.0,0.0,0.0,1
139,0.0,1.0,0.0,0.0,0.0,0.0,0.0,0.0,0.0,0.0,0
140,0.0,0.0,0.0,1.0,0.0,0.0,0.0,0.0,0.0,0.0,0
141,1.0,0.0,0.0,0.0,0.0,0.0,0.0,0.0,0.0,0.0,1
142,0.0,0.0,0.0,0.0,1.0,0.0,0.0,0.0,0.0,0.0,0
143,0.0,0.0,0.0,1.0,0.0,0.0,0.0,0.0,0.0,0.0,0
144,0.0,0.0,0.0,0.0,0.0,0.0,0.0,0.0,1.0,0.0,0
145,0.0,1.0,0.0,0.0,0.0,0.0,0.0,0.0,0.0,0.0,0
146,0.0,0.0,1.0,0.0,0.0,0.0,0.0,0.0,0.0,0.0,1
147,0.0,0.0,0.0,0.0,0.0,0.0,1.0,0.0,0.0,0.0,0
148,0.0,0.0,0.0,1.0,0.0,0.0,0.0,0.0,0.0,0.0,0
149,0.0,0.0,0.0,0.0,0.0,0.0,0.0,0.0,1.0,0.0,0
150,0.0,1.0,0.0,0.0,0.0,0.0,0.0,0.0,0.0,0.0,0
151,0.0,0.0,0.0,0.0,0.0,0.0,0.0,0.0,0.0,1.0,0
152,0.0,0.0,0.0,0.0,0.0,1.0,0.0,0.0,0.0,0.0,0
153,0.0,1.0,0.0,0.0,0.0,0.0,0.0,0.0,0.0,0.0,0
154,0.0,1.0,0.0,0.0,0.0,0.0,0.0,0.0,0.0,0.0,0
155,0.0,0.0,0.0,1.0,0.0,0.0,0.0,0.0,0.0,0.0,0
156,0.0,0.0,0.0,0.0,0.0,0.0,1.0,0.0,0.0,0.0,1
157,0.0,0.0,0.0,0.0,1.0,0.0,0.0,0.0,0.0,0.0,0
158,0.0,0.0,0.0,0.0,0.0,0.0,0.0,0.0,1.0,0.0,0
159,0.0,0.0,0.0,0.0,0.0,0.0,0.0,0.0,1.0,0.0,0
160,0.0,0.0,0.0,0.0,0.0,0.0,1.0,0.0,0.0,0.0,0
161,0.0,0.0,0.0,0.0,0.0,0.0,0.0,0.0,1.0,0.0,1
162,1.0,0.0,0.0,0.0,0.0,0.0,0.0,0.0,0.0,0.0,1
163,0.0,0.0,0.0,0.0,1.0,0.0,0.0,0.0,0.0,0.0,0
164,1.0,0.0,0.0,0.0,0.0,0.0,0.0,0.0,0.0,0.0,1
165,0.0,0.0,0.0,0.0,0.0,0.0,0.0,0.0,1.0,0.0,0
166,0.0,0.0,0.0,0.0,0.0,0.0,0.0,0.0,1.0,0.0,0
167,0.0,0.0,0.0,0.0,1.0,0.0,0.0,0.0,0.0,0.0,1
168,0.0,0.0,0.0,0.0,0.0,0.0,0.0,1.0,0.0,0.0,1
169,0.0,0.0,0.0,1.0,0.0,0.0,0.0,0.0,0.0,0.0,0
170,0.0,1.0,0.0,0.0,0.0,0.0,0.0,0.0,0.0,0.0,0
171,0.0,0.0,0.0,0.0,1.0,0.0,0.0,0.0,0.0,0.0,1
172,0.0,1.0,0.0,0.0,0.0,0.0,0.0,0.0,0.0,0.0,1
173,0.0,0.0,0.0,0.0,0.0,0.0,1.0,0.0,0.0,0.0,0
174,0.0,1.0,0.0,0.0,0.0,0.0,0.0,0.0,0.0,0.0,0
175,0.0,1.0,0.0,0.0,0.0,0.0,0.0,0.0,0.0,0.0,0
176,0.0,0.0,0.0,0.0,0.0,1.0,0.0,0.0,0.0,0.0,0
177,1.0,0.0,0.0,0.0,0.0,0.0,0.0,0.0,0.0,0.0,1
178,0.0,0.0,0.0,0.0,0.0,0.0,0.0,0.0,1.0,0.0,0
179,0.0,0.0,0.0,0.0,0.0,0.0,0.0,0.0,1.0,0.0,0
180,0.0,0.0,0.0,0.0,0.0,0.0,0.0,1.0,0.0,0.0,1
181,0.0,0.0,0.0,0.0,0.0,0.0,0.0,0.0,0.0,1.0,1
182,0.0,0.0,0.0,1.0,0.0,0.0,0.0,0.0,0.0,0.0,1
183,0.0,0.0,0.0,0.0,1.0,0.0,0.0,0.0,0.0,0.0,0
184,0.0,0.0,0.0,1.0,0.0,0.0,0.0,0.0,0.0,0.0,1
185,0.0,1.0,0.0,0.0,0.0,0.0,0.0,0.0,0.0,0.0,0
186,0.0,0.0,0.0,1.0,0.0,0.0,0.0,0.0,0.0,0.0,1
187,0.0,0.0,0.0,0.0,0.0,0.0,0.0,0.0,1.0,0.0,0
188,0.0,1.0,0.0,0.0,0.0,0.0,0.0,0.0,0.0,0.0,0
189,0.0,0.0,0.0,0.0,0.0,0.0,0.0,0.0,1.0,0.0,0
190,0.0,0.0,0.0,0.0,0.0,1.0,0.0,0.0,0.0,0.0,1
191,0.0,0.0,0.0,0.0,1.0,0.0,0.0,0.0,0.0,0.0,0
192,0.0,0.0,0.0,0.0,0.0,0.0,0.0,1.0,0.0,0.0,0
193,0.0,0.0,0.0,0.0,0.0,0.0,0.0,0.0,0.0,1.0,1
194,0.0,0.0,0.0,0.0,0.0,0.0,1.0,0.0,0.0,0.0,1
195,0.0,0.0,0.0,1.0,0.0,0.0,0.0,0.0,0.0,0.0,0
196,0.0,0.0,0.0,0.0,0.0,0.0,1.0,0.0,0.0,0.0,1
197,0.0,0.0,0.0,0.0,1.0,0.0,0.0,0.0,0.0,0.0,1
198,1.0,0.0,0.0,0.0,0.0,0.0,0.0,0.0,0.0,0.0,1
199,1.0,0.0,0.0,0.0,0.0,0.0,0.0,0.0,0.0,0.0,1
200,0.0,0.0,0.0,1.0,0.0,0.0,0.0,0.0,0.0,0.0,0
201,0.0,0.0,0.0,0.0,1.0,0.0,0.0,0.0,0.0,0.0,1
202,0.0,0.0,0.0,0.0,0.0,0.0,0.0,0.0,0.0,1.0,1
203,0.0,0.0,0.0,0.0,0.0,0.0,0.0,0.0,0.0,1.0,1
204,0.0,1.0,0.0,0.0,0.0,0.0,0.0,0.0,0.0,0.0,0
205,0.0,0.0,0.0,1.0,0.0,0.0,0.0,0.0,0.0,0.0,1
206,0.0,1.0,0.0,0.0,0.0,0.0,0.0,0.0,0.0,0.0,0
207,0.0,0.0,0.0,1.0,0.0,0.0,0.0,0.0,0.0,0.0,1
208,1.0,0.0,0.0,0.0,0.0,0.0,0.0,0.0,0.0,0.0,0
209,0.0,0.0,0.0,0.0,0.0,0.0,0.0,0.0,1.0,0.0,0
210,0.0,0.0,0.0,0.0,1.0,0.0,0.0,0.0,0.0,0.0,1
211,0.0,0.0,0.0,0.0,0.0,0.0,0.0,0.0,1.0,0.0,0
212,0.0,0.0,0.0,0.0,0.0,0.0,0.0,1.0,0.0,0.0,1
213,0.0,0.0,0.0,0.0,0.0,0.0,0.0,1.0,0.0,0.0,1
214,0.0,0.0,0.0,0.0,0.0,0.0,0.0,0.0,0.0,1.0,1
215,1.0,0.0,0.0,0.0,0.0,0.0,0.0,0.0,0.0,0.0,1
216,0.0,0.0,0.0,0.0,0.0,0.0,1.0,0.0,0.0,0.0,0
217,0.0,0.0,0.0,0.0,0.0,0.0,1.0,0.0,0.0,0.0,0
218,1.0,0.0,0.0,0.0,0.0,0.0,0.0,0.0,0.0,0.0,1
219,0.0,0.0,0.0,0.0,0.0,0.0,0.0,1.0,0.0,0.0,1
220,0.0,0.0,0.0,0.0,0.0,0.0,0.0,0.0,1.0,0.0,0
221,0.0,1.0,0.0,0.0,0.0,0.0,0.0,0.0,0.0,0.0,0
222,0.0,1.0,0.0,0.0,0.0,0.0,0.0,0.0,0.0,0.0,0
223,1.0,0.0,0.0,0.0,0.0,0.0,0.0,0.0,0.0,0.0,1
224,0.0,0.0,0.0,0.0,0.0,0.0,0.0,0.0,1.0,0.0,0
225,0.0,1.0,0.0,0.0,0.0,0.0,0.0,0.0,0.0,0.0,0
226,0.0,0.0,0.0,1.0,0.0,0.0,0.0,0.0,0.0,0.0,0
227,0.0,0.0,0.0,1.0,0.0,0.0,0.0,0.0,0.0,0.0,0
228,0.0,0.0,0.0,0.0,1.0,0.0,0.0,0.0,0.0,0.0,0
229,0.0,0.0,0.0,0.0,0.0,0.0,0.0,0.0,0.0,1.0,1
230,1.0,0.0,0.0,0.0,0.0,0.0,0.0,0.0,0.0,0.0,1
231,0.0,0.0,0.0,1.0,0.0,0.0,0.0,0.0,0.0,0.0,0
232,0.0,0.0,0.0,0.0,1.0,0.0,0.0,0.0,0.0,0.0,0
233,0.0,0.0,0.0,0.0,1.0,0.0,0.0,0.0,0.0,0.0,1
234,0.0,0.0,0.0,1.0,0.0,0.0,0.0,0.0,0.0,0.0,0
235,0.0,0.0,0.0,0.0,1.0,0.0,0.0,0.0,0.0,0.0,0
236,0.0,0.0,0.0,0.0,0.0,0.0,0.0,1.0,0.0,0.0,1
237,0.0,0.0,0.0,0.0,1.0,0.0,0.0,0.0,0.0,0.0,1
238,0.0,0.0,0.0,0.0,0.0,0.0,0.0,1.0,0.0,0.0,0
239,1.0,0.0,0.0,0.0,0.0,0.0,0.0,0.0,0.0,0.0,1
240,0.0,0.0,0.0,0.0,0.0,0.0,0.0,0.0,1.0,0.0,0
241,0.0,0.0,0.0,0.0,0.0,0.0,0.0,0.0,1.0,0.0,0
242,0.0,0.0,0.0,0.0,0.0,0.0,0.0,0.0,0.0,1.0,0
243,0.0,0.0,0.0,0.0,1.0,0.0,0.0,0.0,0.0,0.0,0
244,0.0,0.0,0.0,0.0,0.0,0.0,0.0,1.0,0.0,0.0,1
245,0.0,0.0,0.0,0.0,0.0,0.0,1.0,0.0,0.0,0.0,0
246,0.0,0.0,0.0,0.0,1.0,0.0,0.0,0.0,0.0,0.0,0
247,0.0,0.0,0.0,0.0,1.0,0.0,0.0,0.0,0.0,0.0,0
248,1.0,0.0,0.0,0.0,0.0,0.0,0.0,0.0,0.0,0.0,0
249,0.0,0.0,0.0,1.0,0.0,0.0,0.0,0.0,0.0,0.0,0
250,0.0,0.0,0.0,0.0,0.0,0.0,1.0,0.0,0.0,0.0,1
251,0.0,0.0,0.0,1.0,0.0,0.0,0.0,0.0,0.0,0.0,0
252,0.0,0.0,0.0,0.0,0.0,0.0,0.0,1.0,0.0,0.0,1
253,0.0,0.0,0.0,1.0,0.0,0.0,0.0,0.0,0.0,0.0,1
254,0.0,0.0,0.0,1.0,0.0,0.0,0.0,0.0,0.0,0.0,1
255,0.0,1.0,0.0,0.0,0.0,0.0,0.0,0.0,0.0,0.0,1
256,0.0,0.0,0.0,0.0,0.0,0.0,0.0,1.0,0.0,0.0,1
257,0.0,0.0,0.0,0.0,0.0,0.0,0.0,0.0,0.0,1.0,1
258,0.0,0.0,0.0,0.0,0.0,1.0,0.0,0.0,0.0,0.0,1
259,0.0,0.0,0.0,0.0,0.0,0.0,0.0,0.0,0.0,1.0,1
260,1.0,0.0,0.0,0.0,0.0,0.0,0.0,0.0,0.0,0.0,1
261,0.0,0.0,0.0,0.0,1.0,0.0,0.0,0.0,0.0,0.0,1
262,0.0,0.0,0.0,0.0,0.0,0.0,1.0,0.0,0.0,0.0,1
263,0.0,0.0,0.0,0.0,0.0,0.0,0.0,0.0,1.0,0.0,1
264,0.0,0.0,0.0,1.0,0.0,0.0,0.0,0.0,0.0,0.0,1
265,0.0,0.0,0.0,0.0,0.0,0.0,0.0,1.0,0.0,0.0,1
266,0.0,1.0,0.0,0.0,0.0,0.0,0.0,0.0,0.0,0.0,0
267,0.0,0.0,0.0,0.0,1.0,0.0,0.0,0.0,0.0,0.0,0
268,0.0,1.0,0.0,0.0,0.0,0.0,0.0,0.0,0.0,0.0,0
269,0.0,0.0,0.0,0.0,0.0,0.0,1.0,0.0,0.0,0.0,0
270,0.0,0.0,0.0,0.0,0.0,0.0,0.0,0.0,1.0,0.0,0
271,0.0,0.0,0.0,1.0,0.0,0.0,0.0,0.0,0.0,0.0,0
272,0.0,0.0,0.0,0.0,0.0,0.0,0.0,1.0,0.0,0.0,1
273,0.0,1.0,0.0,0.0,0.0,0.0,0.0,0.0,0.0,0.0,0
274,0.0,0.0,0.0,0.0,1.0,0.0,0.0,0.0,0.0,0.0,1
275,0.0,0.0,0.0,0.0,0.0,0.0,1.0,0.0,0.0,0.0,0
276,0.0,1.0,0.0,0.0,0.0,0.0,0.0,0.0,0.0,0.0,0
277,0.0,0.0,0.0,0.0,0.0,0.0,0.0,0.0,1.0,0.0,1
278,0.0,0.0,0.0,0.0,0.0,0.0,0.0,0.0,1.0,0.0,0
279,0.0,0.0,0.0,1.0,0.0,0.0,0.0,0.0,0.0,0.0,0
280,1.0,0.0,0.0,0.0,0.0,0.0,0.0,0.0,0.0,0.0,1
281,0.0,1.0,0.0,0.0,0.0,0.0,0.0,0.0,0.0,0.0,0
282,1.0,0.0,0.0,0.0,0.0,0.0,0.0,0.0,0.0,0.0,1
283,1.0,0.0,0.0,0.0,0.0,0.0,0.0,0.0,0.0,0.0,1
284,0.0,0.0,0.0,0.0,1.0,0.0,0.0,0.0,0.0,0.0,0
285,0.0,0.0,0.0,0.0,0.0,0.0,0.0,0.0,1.0,0.0,0
286,0.0,0.0,0.0,0.0,1.0,0.0,0.0,0.0,0.0,0.0,0
287,0.0,0.0,0.0,0.0,0.0,0.0,0.0,0.0,1.0,0.0,0
288,0.0,0.0,0.0,0.0,0.0,0.0,1.0,0.0,0.0,0.0,0
289,0.0,1.0,0.0,0.0,0.0,0.0,0.0,0.0,0.0,0.0,0
290,0.0,0.0,0.0,0.0,0.0,1.0,0.0,0.0,0.0,0.0,0
291,0.0,0.0,0.0,1.0,0.0,0.0,0.0,0.0,0.0,0.0,0
292,0.0,1.0,0.0,0.0,0.0,0.0,0.0,0.0,0.0,0.0,0
293,0.0,0.0,0.0,1.0,0.0,0.0,0.0,0.0,0.0,0.0,0
294,0.0,0.0,0.0,0.0,0.0,0.0,0.0,0.0,1.0,0.0,0
295,0.0,0.0,0.0,0.0,0.0,0.0,0.0,0.0,1.0,0.0,0
296,0.0,0.0,0.0,0.0,0.0,0.0,0.0,0.0,1.0,0.0,0
297,0.0,0.0,0.0,0.0,1.0,0.0,0.0,0.0,0.0,0.0,1
298,0.0,0.0,0.0,0.0,0.0,0.0,0.0,0.0,1.0,0.0,0
299,0.0,0.0,0.0,0.0,1.0,0.0,0.0,0.0,0.0,0.0,0
300,1.0,0.0,0.0,0.0,0.0,0.0,0.0,0.0,0.0,0.0,1
301,0.0,0.0,0.0,0.0,1.0,0.0,0.0,0.0,0.0,0.0,0
302,0.0,0.0,0.0,0.0,0.0,0.0,0.0,0.0,0.0,1.0,1
303,0.0,0.0,0.0,0.0,1.0,0.0,0.0,0.0,0.0,0.0,0
304,0.0,0.0,0.0,0.0,1.0,0.0,0.0,0.0,0.0,0.0,0
305,0.0,0.0,0.0,0.0,1.0,0.0,0.0,0.0,0.0,0.0,0
306,0.0,0.0,0.0,0.0,0.0,0.0,0.0,0.0,1.0,0.0,0
307,0.0,0.0,0.0,1.0,0.0,0.0,0.0,0.0,0.0,0.0,0
308,0.0,0.0,0.0,0.0,0.0,0.0,0.0,0.0,1.0,0.0,0
309,0.0,0.0,0.0,0.0,0.0,0.0,0.0,0.0,1.0,0.0,0
310,0.0,1.0,0.0,0.0,0.0,0.0,0.0,0.0,0.0,0.0,0
311,0.0,0.0,0.0,0.0,0.0,0.0,0.0,0.0,1.0,0.0,0
312,0.0,0.0,0.0,0.0,0.0,0.0,0.0,0.0,1.0,0.0,0
313,0.0,0.0,0.0,1.0,0.0,0.0,0.0,0.0,0.0,0.0,0
314,0.0,0.0,0.0,0.0,0.0,0.0,1.0,0.0,0.0,0.0,0
315,0.0,0.0,0.0,0.0,0.0,0.0,0.0,0.0,1.0,0.0,0
316,0.0,0.0,0.0,0.0,0.0,0.0,0.0,0.0,1.0,0.0,0
317,0.0,0.0,0.0,1.0,0.0,0.0,0.0,0.0,0.0,0.0,1
318,0.0,0.0,0.0,0.0,0.0,1.0,0.0,0.0,0.0,0.0,0
319,0.0,0.0,0.0,0.0,1.0,0.0,0.0,0.0,0.0,0.0,0
320,0.0,0.0,0.0,0.0,0.0,0.0,1.0,0.0,0.0,0.0,0
321,0.0,0.0,0.0,1.0,0.0,0.0,0.0,0.0,0.0,0.0,1
322,0.0,0.0,0.0,1.0,0.0,0.0,0.0,0.0,0.0,0.0,0
323,0.0,0.0,1.0,0.0,0.0,0.0,0.0,0.0,0.0,0.0,1
324,0.0,0.0,0.0,1.0,0.0,0.0,0.0,0.0,0.0,0.0,0
325,0.0,0.0,0.0,1.0,0.0,0.0,0.0,0.0,0.0,0.0,0
326,0.0,0.0,0.0,0.0,0.0,0.0,0.0,0.0,1.0,0.0,0
327,0.0,0.0,0.0,0.0,0.0,0.0,0.0,0.0,1.0,0.0,0
328,1.0,0.0,0.0,0.0,0.0,0.0,0.0,0.0,0.0,0.0,1
329,0.0,0.0,0.0,0.0,0.0,0.0,1.0,0.0,0.0,0.0,1
330,0.0,0.0,0.0,1.0,0.0,0.0,0.0,0.0,0.0,0.0,1
331,0.0,1.0,0.0,0.0,0.0,0.0,0.0,0.0,0.0,0.0,0
332,0.0,0.0,0.0,0.0,0.0,0.0,1.0,0.0,0.0,0.0,0
333,0.0,0.0,0.0,1.0,0.0,0.0,0.0,0.0,0.0,0.0,0
334,0.0,0.0,0.0,0.0,1.0,0.0,0.0,0.0,0.0,0.0,0
335,0.0,0.0,0.0,0.0,0.0,0.0,0.0,1.0,0.0,0.0,1
336,0.0,0.0,0.0,1.0,0.0,0.0,0.0,0.0,0.0,0.0,0
337,1.0,0.0,0.0,0.0,0.0,0.0,0.0,0.0,0.0,0.0,1
338,1.0,0.0,0.0,0.0,0.0,0.0,0.0,0.0,0.0,0.0,0
339,1.0,0.0,0.0,0.0,0.0,0.0,0.0,0.0,0.0,0.0,1
340,0.0,0.0,0.0,1.0,0.0,0.0,0.0,0.0,0.0,0.0,0
341,1.0,0.0,0.0,0.0,0.0,0.0,0.0,0.0,0.0,0.0,0
342,0.0,1.0,0.0,0.0,0.0,0.0,0.0,0.0,0.0,0.0,0
343,0.0,0.0,0.0,0.0,0.0,0.0,1.0,0.0,0.0,0.0,1
344,0.0,1.0,0.0,0.0,0.0,0.0,0.0,0.0,0.0,0.0,0
345,0.0,0.0,0.0,0.0,0.0,0.0,1.0,0.0,0.0,0.0,0
346,0.0,0.0,0.0,1.0,0.0,0.0,0.0,0.0,0.0,0.0,0
347,0.0,0.0,0.0,0.0,0.0,0.0,0.0,0.0,1.0,0.0,0
348,0.0,0.0,0.0,1.0,0.0,0.0,0.0,0.0,0.0,0.0,0
349,0.0,1.0,0.0,0.0,0.0,0.0,0.0,0.0,0.0,0.0,0
350,0.0,0.0,0.0,0.0,0.0,0.0,0.0,0.0,1.0,0.0,0
351,0.0,0.0,1.0,0.0,0.0,0.0,0.0,0.0,0.0,0.0,1
352,1.0,0.0,0.0,0.0,0.0,0.0,0.0,0.0,0.0,0.0,1
353,0.0,0.0,0.0,0.0,0.0,0.0,0.0,1.0,0.0,0.0,1
354,0.0,0.0,0.0,0.0,0.0,0.0,0.0,0.0,1.0,0.0,0
355,0.0,0.0,0.0,0.0,1.0,0.0,0.0,0.0,0.0,0.0,0
356,0.0,0.0,0.0,0.0,0.0,0.0,1.0,0.0,0.0,0.0,0
357,0.0,0.0,0.0,0.0,0.0,0.0,0.0,0.0,1.0,0.0,0
358,0.0,1.0,0.0,0.0,0.0,0.0,0.0,0.0,0.0,0.0,0
359,0.0,0.0,0.0,0.0,1.0,0.0,0.0,0.0,0.0,0.0,0
360,0.0,0.0,0.0,0.0,0.0,0.0,0.0,0.0,1.0,0.0,0
361,0.0,0.0,0.0,0.0,1.0,0.0,0.0,0.0,0.0,0.0,0
362,0.0,0.0,0.0,1.0,0.0,0.0,0.0,0.0,0.0,0.0,0
363,0.0,0.0,0.0,0.0,1.0,0.0,0.0,0.0,0.0,0.0,0
364,0.0,0.0,0.0,0.0,0.0,0.0,0.0,0.0,1.0,0.0,0
365,0.0,0.0,0.0,0.0,1.0,0.0,0.0,0.0,0.0,0.0,1
366,0.0,0.0,0.0,0.0,0.0,0.0,0.0,1.0,0.0,0.0,1
367,0.0,0.0,0.0,1.0,0.0,0.0,0.0,0.0,0.0,0.0,0
368,0.0,0.0,0.0,0.0,1.0,0.0,0.0,0.0,0.0,0.0,1
369,1.0,0.0,0.0,0.0,0.0,0.0,0.0,0.0,0.0,0.0,1
370,0.0,0.0,0.0,0.0,0.0,0.0,0.0,0.0,0.0,1.0,1
371,0.0,0.0,0.0,0.0,0.0,0.0,0.0,0.0,1.0,0.0,0
372,1.0,0.0,0.0,0.0,0.0,0.0,0.0,0.0,0.0,0.0,1
373,0.0,0.0,0.0,0.0,1.0,0.0,0.0,0.0,0.0,0.0,1
374,0.0,0.0,0.0,1.0,0.0,0.0,0.0,0.0,0.0,0.0,0
375,0.0,0.0,0.0,1.0,0.0,0.0,0.0,0.0,0.0,0.0,0
376,0.0,0.0,0.0,0.0,0.0,1.0,0.0,0.0,0.0,0.0,0
377,0.0,0.0,0.0,0.0,1.0,0.0,0.0,0.0,0.0,0.0,0
378,0.0,0.0,0.0,1.0,0.0,0.0,0.0,0.0,0.0,0.0,0
379,0.0,0.0,0.0,0.0,0.0,0.0,0.0,0.0,0.0,1.0,1
380,0.0,1.0,0.0,0.0,0.0,0.0,0.0,0.0,0.0,0.0,0
381,0.0,0.0,0.0,1.0,0.0,0.0,0.0,0.0,0.0,0.0,0
382,0.0,0.0,0.0,0.0,1.0,0.0,0.0,0.0,0.0,0.0,0
383,0.0,0.0,0.0,1.0,0.0,0.0,0.0,0.0,0.0,0.0,0
384,0.0,0.0,0.0,0.0,0.0,0.0,0.0,0.0,1.0,0.0,0
385,0.0,0.0,0.0,0.0,1.0,0.0,0.0,0.0,0.0,0.0,1
386,0.0,0.0,0.0,1.0,0.0,0.0,0.0,0.0,0.0,0.0,0
387,0.0,0.0,0.0,0.0,0.0,0.0,0.0,0.0,1.0,0.0,0
388,0.0,0.0,0.0,0.0,0.0,0.0,1.0,0.0,0.0,0.0,0
389,0.0,0.0,0.0,0.0,0.0,0.0,0.0,1.0,0.0,0.0,1
390,0.0,0.0,0.0,1.0,0.0,0.0,0.0,0.0,0.0,0.0,0
391,0.0,0.0,0.0,0.0,0.0,0.0,1.0,0.0,0.0,0.0,0
392,1.0,0.0,0.0,0.0,0.0,0.0,0.0,0.0,0.0,0.0,1
393,0.0,0.0,0.0,0.0,0.0,0.0,0.0,0.0,0.0,1.0,1
394,0.0,1.0,0.0,0.0,0.0,0.0,0.0,0.0,0.0,0.0,0
395,0.0,0.0,0.0,0.0,1.0,0.0,0.0,0.0,0.0,0.0,0
396,1.0,0.0,0.0,0.0,0.0,0.0,0.0,0.0,0.0,0.0,0
397,0.0,0.0,0.0,0.0,1.0,0.0,0.0,0.0,0.0,0.0,0
398,0.0,0.0,0.0,0.0,0.0,0.0,0.0,0.0,1.0,0.0,0
399,0.0,0.0,0.0,1.0,0.0,0.0,0.0,0.0,0.0,0.0,0
400,0.0,0.0,0.0,0.0,0.0,0.0,0.0,0.0,0.0,1.0,1
401,0.0,0.0,0.0,0.0,0.0,0.0,0.0,0.0,1.0,0.0,0
402,0.0,0.0,0.0,1.0,0.0,0.0,0.0,0.0,0.0,0.0,0
403,0.0,0.0,0.0,1.0,0.0,0.0,0.0,0.0,0.0,0.0,0
404,0.0,0.0,0.0,0.0,0.0,0.0,0.0,0.0,1.0,0.0,0
405,0.0,0.0,0.0,0.0,1.0,0.0,0.0,0.0,0.0,0.0,0
406,0.0,0.0,0.0,1.0,0.0,0.0,0.0,0.0,0.0,0.0,0
407,0.0,0.0,0.0,0.0,1.0,0.0,0.0,0.0,0.0,0.0,0
408,1.0,0.0,0.0,0.0,0.0,0.0,0.0,0.0,0.0,0.0,1
409,0.0,1.0,0.0,0.0,0.0,0.0,0.0,0.0,0.0,0.0,0
410,0.0,0.0,0.0,1.0,0.0,0.0,0.0,0.0,0.0,0.0,0
411,0.0,0.0,0.0,1.0,0.0,0.0,0.0,0.0,0.0,0.0,0
412,0.0,0.0,0.0,0.0,1.0,0.0,0.0,0.0,0.0,0.0,0
413,1.0,0.0,0.0,0.0,0.0,0.0,0.0,0.0,0.0,0.0,0
414,0.0,0.0,0.0,0.0,1.0,0.0,0.0,0.0,0.0,0.0,1
415,0.0,1.0,0.0,0.0,0.0,0.0,0.0,0.0,0.0,0.0,0
416,0.0,0.0,0.0,0.0,0.0,0.0,1.0,0.0,0.0,0.0,0
417,1.0,0.0,0.0,0.0,0.0,0.0,0.0,0.0,0.0,0.0,1
418,0.0,0.0,0.0,1.0,0.0,0.0,0.0,0.0,0.0,0.0,0
419,0.0,0.0,0.0,0.0,1.0,0.0,0.0,0.0,0.0,0.0,0
420,1.0,0.0,0.0,0.0,0.0,0.0,0.0,0.0,0.0,0.0,0
421,0.0,0.0,0.0,0.0,0.0,0.0,1.0,0.0,0.0,0.0,0
422,0.0,1.0,0.0,0.0,0.0,0.0,0.0,0.0,0.0,0.0,0
423,0.0,0.0,0.0,1.0,0.0,0.0,0.0,0.0,0.0,0.0,0
424,0.0,0.0,0.0,0.0,0.0,0.0,1.0,0.0,0.0,0.0,0
425,0.0,0.0,0.0,0.0,1.0,0.0,0.0,0.0,0.0,0.0,0
426,0.0,1.0,0.0,0.0,0.0,0.0,0.0,0.0,0.0,0.0,0
427,1.0,0.0,0.0,0.0,0.0,0.0,0.0,0.0,0.0,0.0,0
428,0.0,0.0,0.0,0.0,0.0,0.0,0.0,0.0,1.0,0.0,0
429,0.0,0.0,0.0,0.0,0.0,0.0,0.0,0.0,1.0,0.0,0
430,0.0,0.0,0.0,0.0,0.0,0.0,0.0,0.0,0.0,1.0,1
431,0.0,0.0,0.0,0.0,0.0,0.0,1.0,0.0,0.0,0.0,0
432,1.0,0.0,0.0,0.0,0.0,0.0,0.0,0.0,0.0,0.0,1
433,0.0,0.0,0.0,0.0,0.0,0.0,0.0,1.0,0.0,0.0,1
434,0.0,0.0,0.0,0.0,0.0,0.0,0.0,0.0,1.0,0.0,0
435,1.0,0.0,0.0,0.0,0.0,0.0,0.0,0.0,0.0,0.0,1
436,0.0,0.0,0.0,1.0,0.0,0.0,0.0,0.0,0.0,0.0,0
437,0.0,0.0,0.0,1.0,0.0,0.0,0.0,0.0,0.0,0.0,0
438,0.0,0.0,0.0,0.0,1.0,0.0,0.0,0.0,0.0,0.0,0
439,0.0,0.0,0.0,0.0,0.0,0.0,0.0,0.0,1.0,0.0,0
440,0.0,0.0,0.0,0.0,1.0,0.0,0.0,0.0,0.0,0.0,0
441,0.0,0.0,0.0,0.0,0.0,0.0,0.0,1.0,0.0,0.0,1
442,0.0,0.0,0.0,0.0,0.0,0.0,0.0,0.0,1.0,0.0,0
443,0.0,0.0,0.0,0.0,0.0,0.0,1.0,0.0,0.0,0.0,0
444,0.0,0.0,0.0,1.0,0.0,0.0,0.0,0.0,0.0,0.0,1
445,0.0,0.0,0.0,0.0,1.0,0.0,0.0,0.0,0.0,0.0,0
446,1.0,0.0,0.0,0.0,0.0,0.0,0.0,0.0,0.0,0.0,1
447,0.0,0.0,0.0,1.0,0.0,0.0,0.0,0.0,0.0,0.0,0
448,0.0,0.0,0.0,0.0,1.0,0.0,0.0,0.0,0.0,0.0,0
449,0.0,0.0,0.0,0.0,1.0,0.0,0.0,0.0,0.0,0.0,1
450,0.0,0.0,0.0,0.0,0.0,0.0,0.0,1.0,0.0,0.0,0
451,0.0,0.0,0.0,0.0,0.0,0.0,0.0,1.0,0.0,0.0,1
452,0.0,0.0,0.0,0.0,1.0,0.0,0.0,0.0,0.0,0.0,0
453,0.0,0.0,0.0,1.0,0.0,0.0,0.0,0.0,0.0,0.0,0
454,0.0,0.0,0.0,1.0,0.0,0.0,0.0,0.0,0.0,0.0,0
455,0.0,0.0,0.0,0.0,1.0,0.0,0.0,0.0,0.0,0.0,0
456,0.0,0.0,0.0,0.0,0.0,0.0,0.0,1.0,0.0,0.0,0
457,0.0,0.0,0.0,0.0,1.0,0.0,0.0,0.0,0.0,0.0,0
458,0.0,0.0,0.0,0.0,1.0,0.0,0.0,0.0,0.0,0.0,0
459,0.0,0.0,0.0,0.0,1.0,0.0,0.0,0.0,0.0,0.0,0
460,1.0,0.0,0.0,0.0,0.0,0.0,0.0,0.0,0.0,0.0,1
461,0.0,0.0,0.0,0.0,0.0,0.0,0.0,1.0,0.0,0.0,1
462,0.0,0.0,0.0,0.0,1.0,0.0,0.0,0.0,0.0,0.0,0
463,0.0,0.0,0.0,1.0,0.0,0.0,0.0,0.0,0.0,0.0,0
464,0.0,0.0,0.0,0.0,0.0,0.0,0.0,0.0,1.0,0.0,0
465,0.0,0.0,0.0,0.0,1.0,0.0,0.0,0.0,0.0,0.0,0
466,0.0,0.0,0.0,0.0,1.0,0.0,0.0,0.0,0.0,0.0,0
467,0.0,0.0,0.0,0.0,1.0,0.0,0.0,0.0,0.0,0.0,0
468,0.0,0.0,0.0,0.0,0.0,0.0,0.0,1.0,0.0,0.0,1
469,0.0,0.0,0.0,0.0,0.0,0.0,1.0,0.0,0.0,0.0,0
470,0.0,1.0,0.0,0.0,0.0,0.0,0.0,0.0,0.0,0.0,0
471,0.0,0.0,0.0,0.0,0.0,0.0,0.0,1.0,0.0,0.0,0
472,0.0,0.0,0.0,0.0,0.0,0.0,0.0,0.0,1.0,0.0,0
473,0.0,0.0,0.0,0.0,0.0,0.0,0.0,1.0,0.0,0.0,0
474,0.0,0.0,0.0,1.0,0.0,0.0,0.0,0.0,0.0,0.0,0
475,0.0,0.0,0.0,1.0,0.0,0.0,0.0,0.0,0.0,0.0,0
476,0.0,0.0,0.0,0.0,1.0,0.0,0.0,0.0,0.0,0.0,0
477,0.0,0.0,0.0,0.0,0.0,0.0,0.0,0.0,1.0,0.0,0
478,0.0,1.0,0.0,0.0,0.0,0.0,0.0,0.0,0.0,0.0,0
479,0.0,0.0,0.0,0.0,0.0,0.0,1.0,0.0,0.0,0.0,1
480,0.0,0.0,0.0,0.0,1.0,0.0,0.0,0.0,0.0,0.0,0
481,0.0,0.0,0.0,0.0,0.0,0.0,0.0,0.0,1.0,0.0,0
482,0.0,0.0,0.0,1.0,0.0,0.0,0.0,0.0,0.0,0.0,0
483,0.0,0.0,0.0,1.0,0.0,0.0,0.0,0.0,0.0,0.0,0
484,0.0,0.0,0.0,1.0,0.0,0.0,0.0,0.0,0.0,0.0,0
485,0.0,0.0,0.0,0.0,0.0,0.0,1.0,0.0,0.0,0.0,0
486,0.0,0.0,0.0,0.0,0.0,0.0,0.0,0.0,1.0,0.0,0
487,1.0,0.0,0.0,0.0,0.0,0.0,0.0,0.0,0.0,0.0,1
488,0.0,1.0,0.0,0.0,0.0,0.0,0.0,0.0,0.0,0.0,0
489,0.0,0.0,0.0,1.0,0.0,0.0,0.0,0.0,0.0,0.0,1
490,0.0,0.0,0.0,0.0,1.0,0.0,0.0,0.0,0.0,0.0,0
491,0.0,0.0,0.0,0.0,0.0,0.0,0.0,0.0,1.0,0.0,0
492,1.0,0.0,0.0,0.0,0.0,0.0,0.0,0.0,0.0,0.0,1
493,0.0,0.0,0.0,0.0,1.0,0.0,0.0,0.0,0.0,0.0,0
494,0.0,0.0,0.0,0.0,1.0,0.0,0.0,0.0,0.0,0.0,0
495,0.0,0.0,0.0,0.0,1.0,0.0,0.0,0.0,0.0,0.0,0
496,0.0,0.0,0.0,1.0,0.0,0.0,0.0,0.0,0.0,0.0,0
497,0.0,0.0,0.0,1.0,0.0,0.0,0.0,0.0,0.0,0.0,0
498,1.0,0.0,0.0,0.0,0.0,0.0,0.0,0.0,0.0,0.0,1
499,1.0,0.0,0.0,0.0,0.0,0.0,0.0,0.0,0.0,0.0,1
500,0.0,0.0,0.0,1.0,0.0,0.0,0.0,0.0,0.0,0.0,0
501,0.0,0.0,0.0,0.0,0.0,0.0,0.0,0.0,0.0,1.0,1
502,0.0,1.0,0.0,0.0,0.0,0.0,0.0,0.0,0.0,0.0,0
503,0.0,0.0,0.0,0.0,1.0,0.0,0.0,0.0,0.0,0.0,1
504,0.0,0.0,1.0,0.0,0.0,0.0,0.0,0.0,0.0,0.0,0
505,0.0,0.0,0.0,0.0,0.0,0.0,0.0,0.0,0.0,1.0,0
506,0.0,1.0,0.0,0.0,0.0,0.0,0.0,0.0,0.0,0.0,0
507,0.0,0.0,0.0,0.0,0.0,0.0,1.0,0.0,0.0,0.0,0
508,0.0,0.0,0.0,0.0,0.0,0.0,0.0,0.0,1.0,0.0,0
509,0.0,0.0,0.0,0.0,0.0,0.0,0.0,0.0,0.0,1.0,1
510,0.0,0.0,0.0,0.0,1.0,0.0,0.0,0.0,0.0,0.0,0
511,0.0,0.0,0.0,0.0,0.0,0.0,0.0,0.0,1.0,0.0,0
512,1.0,0.0,0.0,0.0,0.0,0.0,0.0,0.0,0.0,0.0,1
513,0.0,0.0,0.0,1.0,0.0,0.0,0.0,0.0,0.0,0.0,0
514,0.0,0.0,0.0,0.0,1.0,0.0,0.0,0.0,0.0,0.0,1
515,0.0,1.0,0.0,0.0,0.0,0.0,0.0,0.0,0.0,0.0,0
516,1.0,0.0,0.0,0.0,0.0,0.0,0.0,0.0,0.0,0.0,1
517,1.0,0.0,0.0,0.0,0.0,0.0,0.0,0.0,0.0,0.0,1
518,0.0,1.0,0.0,0.0,0.0,0.0,0.0,0.0,0.0,0.0,0
519,0.0,1.0,0.0,0.0,0.0,0.0,0.0,0.0,0.0,0.0,0
520,0.0,1.0,0.0,0.0,0.0,0.0,0.0,0.0,0.0,0.0,0
521,1.0,0.0,0.0,0.0,0.0,0.0,0.0,0.0,0.0,0.0,1
522,0.0,0.0,0.0,1.0,0.0,0.0,0.0,0.0,0.0,0.0,0
523,1.0,0.0,0.0,0.0,0.0,0.0,0.0,0.0,0.0,0.0,0
524,0.0,0.0,0.0,0.0,1.0,0.0,0.0,0.0,0.0,0.0,0
525,0.0,0.0,0.0,1.0,0.0,0.0,0.0,0.0,0.0,0.0,0
526,0.0,0.0,0.0,1.0,0.0,0.0,0.0,0.0,0.0,0.0,0
527,0.0,0.0,0.0,1.0,0.0,0.0,0.0,0.0,0.0,0.0,0
528,0.0,0.0,0.0,0.0,0.0,0.0,1.0,0.0,0.0,0.0,0
529,0.0,0.0,0.0,1.0,0.0,0.0,0.0,0.0,0.0,0.0,0
530,0.0,0.0,0.0,0.0,1.0,0.0,0.0,0.0,0.0,0.0,0
531,0.0,0.0,0.0,1.0,0.0,0.0,0.0,0.0,0.0,0.0,0
532,0.0,0.0,0.0,1.0,0.0,0.0,0.0,0.0,0.0,0.0,0
533,1.0,0.0,0.0,0.0,0.0,0.0,0.0,0.0,0.0,0.0,1
534,0.0,0.0,0.0,0.0,1.0,0.0,0.0,0.0,0.0,0.0,0
535,1.0,0.0,0.0,0.0,0.0,0.0,0.0,0.0,0.0,0.0,1
536,1.0,0.0,0.0,0.0,0.0,0.0,0.0,0.0,0.0,0.0,1
537,0.0,0.0,0.0,0.0,0.0,0.0,0.0,0.0,0.0,1.0,0
538,0.0,0.0,0.0,0.0,0.0,0.0,1.0,0.0,0.0,0.0,0
539,0.0,0.0,0.0,0.0,0.0,0.0,0.0,0.0,0.0,1.0,0
540,0.0,0.0,0.0,0.0,0.0,0.0,1.0,0.0,0.0,0.0,0
541,1.0,0.0,0.0,0.0,0.0,0.0,0.0,0.0,0.0,0.0,0
542,0.0,0.0,0.0,0.0,1.0,0.0,0.0,0.0,0.0,0.0,0
543,0.0,0.0,0.0,0.0,1.0,0.0,0.0,0.0,0.0,0.0,0
544,0.0,0.0,0.0,0.0,1.0,0.0,0.0,0.0,0.0,0.0,0
545,0.0,0.0,0.0,0.0,1.0,0.0,0.0,0.0,0.0,0.0,0
546,0.0,0.0,0.0,1.0,0.0,0.0,0.0,0.0,0.0,0.0,0
547,0.0,0.0,0.0,0.0,1.0,0.0,0.0,0.0,0.0,0.0,0
548,0.0,0.0,0.0,0.0,1.0,0.0,0.0,0.0,0.0,0.0,0
549,1.0,0.0,0.0,0.0,0.0,0.0,0.0,0.0,0.0,0.0,0
550,0.0,0.0,0.0,0.0,1.0,0.0,0.0,0.0,0.0,0.0,0
551,0.0,1.0,0.0,0.0,0.0,0.0,0.0,0.0,0.0,0.0,0
552,0.0,0.0,0.0,0.0,1.0,0.0,0.0,0.0,0.0,0.0,0
553,0.0,0.0,0.0,0.0,0.0,0.0,1.0,0.0,0.0,0.0,0
554,0.0,0.0,0.0,0.0,1.0,0.0,0.0,0.0,0.0,0.0,0
555,0.0,0.0,0.0,0.0,0.0,0.0,0.0,1.0,0.0,0.0,0
556,0.0,0.0,0.0,0.0,0.0,0.0,1.0,0.0,0.0,0.0,0
557,0.0,0.0,0.0,0.0,0.0,0.0,0.0,1.0,0.0,0.0,0
558,0.0,0.0,0.0,0.0,1.0,0.0,0.0,0.0,0.0,0.0,0
559,0.0,0.0,0.0,0.0,0.0,0.0,0.0,1.0,0.0,0.0,0
560,0.0,0.0,0.0,0.0,1.0,0.0,0.0,0.0,0.0,0.0,0
561,0.0,0.0,0.0,0.0,0.0,0.0,0.0,1.0,0.0,0.0,0
562,0.0,0.0,0.0,0.0,0.0,0.0,0.0,0.0,0.0,1.0,1
563,0.0,0.0,0.0,0.0,0.0,0.0,0.0,0.0,0.0,1.0,1
564,0.0,0.0,0.0,0.0,0.0,0.0,0.0,1.0,0.0,0.0,1
565,0.0,0.0,0.0,0.0,0.0,0.0,0.0,1.0,0.0,0.0,1
566,0.0,0.0,0.0,0.0,1.0,0.0,0.0,0.0,0.0,0.0,1
567,0.0,0.0,0.0,0.0,0.0,0.0,0.0,0.0,0.0,1.0,1
568,0.0,0.0,0.0,0.0,1.0,0.0,0.0,0.0,0.0,0.0,0
